"","query","significant","p_value","term_size","query_size","intersection_size","precision","recall","term_id","source","term_name","effective_domain_size","source_order","parents"
"1","YLR449W","TRUE","1.41789488013975e-22","3531","2524","1925","0.762678288431062","0.545171339563863","GO:0044237","GO:BP","cellular metabolic process","5076","12725","c(""GO:0008152"", ""GO:0009987"")"
"2","YLR449W","TRUE","3.38568579184308e-22","466","2524","336","0.133122028526149","0.721030042918455","GO:0034660","GO:BP","ncRNA metabolic process","5076","10040","GO:0016070"
"3","YLR449W","TRUE","4.01770198541903e-21","3491","2524","1901","0.753169572107765","0.544543110856488","GO:0071704","GO:BP","organic substance metabolic process","5076","19739","GO:0008152"
"4","YLR449W","TRUE","1.08021002322985e-20","3310","2524","1814","0.718700475435816","0.548036253776435","GO:0044238","GO:BP","primary metabolic process","5076","12726","GO:0008152"
"5","YLR449W","TRUE","6.56089191053538e-20","3679","2524","1984","0.786053882725832","0.539276977439522","GO:0008152","GO:BP","metabolic process","5076","3544","GO:0008150"
"6","YLR449W","TRUE","2.32225647049553e-18","397","2524","286","0.113312202852615","0.720403022670025","GO:0034470","GO:BP","ncRNA processing","5076","9964","c(""GO:0006396"", ""GO:0034660"")"
"7","YLR449W","TRUE","4.05169011833004e-16","482","2524","331","0.131141045958796","0.686721991701245","GO:0022613","GO:BP","ribonucleoprotein complex biogenesis","5076","7628","GO:0044085"
"8","YLR449W","TRUE","2.26420234941256e-14","572","2524","378","0.149762282091918","0.660839160839161","GO:0006396","GO:BP","RNA processing","5076","2400","c(""GO:0010467"", ""GO:0016070"")"
"9","YLR449W","TRUE","4.80627764945708e-14","1984","2524","1130","0.44770206022187","0.569556451612903","GO:1901564","GO:BP","organonitrogen compound metabolic process","5076","24824","c(""GO:0006807"", ""GO:0071704"")"
"10","YLR449W","TRUE","1.13193981048554e-13","183","2524","144","0.0570522979397781","0.786885245901639","GO:0006399","GO:BP","tRNA metabolic process","5076","2403","GO:0034660"
"11","YLR449W","TRUE","1.36561693889063e-13","3107","2524","1686","0.667987321711569","0.542645638879949","GO:0006807","GO:BP","nitrogen compound metabolic process","5076","2776","GO:0008152"
"12","YLR449W","TRUE","2.08555464209995e-13","407","2524","280","0.110935023771791","0.687960687960688","GO:0042254","GO:BP","ribosome biogenesis","5076","11668","GO:0022613"
"13","YLR449W","TRUE","1.29316323363761e-12","161","2524","128","0.0507131537242472","0.795031055900621","GO:0009451","GO:BP","RNA modification","5076","3953","c(""GO:0016070"", ""GO:0043412"")"
"14","YLR449W","TRUE","2.70964340630807e-12","1458","2524","850","0.336767036450079","0.582990397805213","GO:0019538","GO:BP","protein metabolic process","5076","6791","c(""GO:0043170"", ""GO:0044238"", ""GO:1901564"")"
"15","YLR449W","TRUE","1.04862039318966e-11","1385","2524","809","0.320522979397781","0.584115523465704","GO:0044267","GO:BP","cellular protein metabolic process","5076","12744","c(""GO:0019538"", ""GO:0044260"")"
"16","YLR449W","TRUE","1.47840904446012e-10","284","2524","200","0.0792393026941363","0.704225352112676","GO:0006364","GO:BP","rRNA processing","5076","2374","c(""GO:0016072"", ""GO:0034470"", ""GO:0042254"")"
"17","YLR449W","TRUE","1.6443753105105e-10","301","2524","210","0.0832012678288431","0.697674418604651","GO:0016072","GO:BP","rRNA metabolic process","5076","5689","GO:0034660"
"18","YLR449W","TRUE","1.95303066769076e-10","88","2524","76","0.0301109350237718","0.863636363636364","GO:0001510","GO:BP","RNA methylation","5076","439","c(""GO:0009451"", ""GO:0043414"")"
"19","YLR449W","TRUE","9.57145688415747e-10","697","2524","432","0.171156893819334","0.619799139167862","GO:0006793","GO:BP","phosphorus metabolic process","5076","2762","GO:0044237"
"20","YLR449W","TRUE","1.40950355485692e-09","680","2524","422","0.167194928684628","0.620588235294118","GO:0006796","GO:BP","phosphate-containing compound metabolic process","5076","2765","GO:0006793"
"21","YLR449W","TRUE","4.76259107774005e-09","141","2524","109","0.0431854199683043","0.773049645390071","GO:0032259","GO:BP","methylation","5076","8660","GO:0008152"
"22","YLR449W","TRUE","6.398305631455e-09","603","2524","377","0.149366085578447","0.625207296849088","GO:0043603","GO:BP","cellular amide metabolic process","5076","12472","GO:0034641"
"23","YLR449W","TRUE","7.53099096056534e-09","75","2524","65","0.0257527733755943","0.866666666666667","GO:0000154","GO:BP","rRNA modification","5076","68","c(""GO:0006364"", ""GO:0009451"")"
"24","YLR449W","TRUE","1.20058502006811e-08","531","2524","336","0.133122028526149","0.632768361581921","GO:0006518","GO:BP","peptide metabolic process","5076","2505","c(""GO:0043603"", ""GO:1901564"")"
"25","YLR449W","TRUE","1.88366050303195e-08","138","2524","106","0.0419968304278922","0.768115942028985","GO:0043414","GO:BP","macromolecule methylation","5076","12343","c(""GO:0032259"", ""GO:0043412"", ""GO:0044260"")"
"26","YLR449W","TRUE","3.86723897757918e-08","538","2524","338","0.13391442155309","0.628252788104089","GO:0043604","GO:BP","amide biosynthetic process","5076","12473","c(""GO:0043603"", ""GO:0044271"")"
"27","YLR449W","TRUE","8.36179869246935e-08","961","2524","566","0.224247226624406","0.588969823100936","GO:0043412","GO:BP","macromolecule modification","5076","12341","GO:0043170"
"28","YLR449W","TRUE","9.0944506086585e-08","64","2524","56","0.0221870047543582","0.875","GO:0031167","GO:BP","rRNA methylation","5076","8232","c(""GO:0000154"", ""GO:0001510"")"
"29","YLR449W","TRUE","9.51127750351922e-08","80","2524","67","0.0265451664025357","0.8375","GO:0006400","GO:BP","tRNA modification","5076","2404","c(""GO:0008033"", ""GO:0009451"")"
"30","YLR449W","TRUE","1.03092276050594e-07","2244","2524","1227","0.486133122028526","0.546791443850267","GO:0034641","GO:BP","cellular nitrogen compound metabolic process","5076","10027","c(""GO:0006807"", ""GO:0044237"")"
"31","YLR449W","TRUE","1.1158982944138e-07","489","2524","309","0.122424722662441","0.631901840490798","GO:0006412","GO:BP","translation","5076","2415","c(""GO:0010467"", ""GO:0034645"", ""GO:0043043"", ""GO:0044267"")"
"32","YLR449W","TRUE","1.43243504492746e-07","376","2524","245","0.097068145800317","0.651595744680851","GO:0019637","GO:BP","organophosphate metabolic process","5076","6884","c(""GO:0006793"", ""GO:0071704"")"
"33","YLR449W","TRUE","1.8072567890017e-07","494","2524","311","0.123217115689382","0.629554655870445","GO:0043043","GO:BP","peptide biosynthetic process","5076","12141","c(""GO:0006518"", ""GO:0043604"", ""GO:1901566"")"
"34","YLR449W","TRUE","1.00096379422004e-06","121","2524","92","0.0364500792393027","0.760330578512397","GO:0042273","GO:BP","ribosomal large subunit biogenesis","5076","11681","c(""GO:0022613"", ""GO:0042254"")"
"35","YLR449W","TRUE","1.36752010363686e-06","1003","2524","582","0.230586370839937","0.580259222333001","GO:1901566","GO:BP","organonitrogen compound biosynthetic process","5076","24826","c(""GO:1901564"", ""GO:1901576"")"
"36","YLR449W","TRUE","1.64361665290578e-06","109","2524","84","0.0332805071315372","0.770642201834862","GO:0090501","GO:BP","RNA phosphodiester bond hydrolysis","5076","21522","c(""GO:0016070"", ""GO:0090305"")"
"37","YLR449W","TRUE","1.94984088471981e-06","184","2524","130","0.0515055467511886","0.706521739130435","GO:0002181","GO:BP","cytoplasmic translation","5076","859","GO:0006412"
"38","YLR449W","TRUE","3.69298486318095e-06","79","2524","64","0.0253565768621236","0.810126582278481","GO:0000469","GO:BP","cleavage involved in rRNA processing","5076","213","c(""GO:0006364"", ""GO:0090501"")"
"39","YLR449W","TRUE","5.15240721044363e-06","87","2524","69","0.027337559429477","0.793103448275862","GO:0000460","GO:BP","maturation of 5.8S rRNA","5076","204","GO:0006364"
"40","YLR449W","TRUE","6.20719013582676e-06","739","2524","438","0.173534072900158","0.592692828146143","GO:0044281","GO:BP","small molecule metabolic process","5076","12753","GO:0008152"
"41","YLR449W","TRUE","8.24681416525028e-06","309","2524","201","0.079635499207607","0.650485436893204","GO:0044255","GO:BP","cellular lipid metabolic process","5076","12736","c(""GO:0006629"", ""GO:0044237"")"
"42","YLR449W","TRUE","8.34134865626736e-06","86","2524","68","0.0269413629160063","0.790697674418605","GO:0000466","GO:BP","maturation of 5.8S rRNA from tricistronic rRNA transcript (SSU-rRNA, 5.8S rRNA, LSU-rRNA)","5076","210","GO:0000460"
"43","YLR449W","TRUE","1.24172844119484e-05","333","2524","214","0.0847860538827258","0.642642642642643","GO:0006629","GO:BP","lipid metabolic process","5076","2614","c(""GO:0044238"", ""GO:0071704"")"
"44","YLR449W","TRUE","1.27670248980715e-05","2712","2524","1446","0.572900158478605","0.533185840707965","GO:0043170","GO:BP","macromolecule metabolic process","5076","12224","GO:0071704"
"45","YLR449W","TRUE","1.36206621849041e-05","115","2524","86","0.0340729001584786","0.747826086956522","GO:0030490","GO:BP","maturation of SSU-rRNA","5076","7894","c(""GO:0006364"", ""GO:0042274"")"
"46","YLR449W","TRUE","2.15765044080243e-05","127","2524","93","0.0368462757527734","0.732283464566929","GO:0008033","GO:BP","tRNA processing","5076","3515","c(""GO:0006399"", ""GO:0034470"")"
"47","YLR449W","TRUE","2.22423698052263e-05","209","2524","142","0.0562599049128368","0.679425837320574","GO:0008610","GO:BP","lipid biosynthetic process","5076","3642","c(""GO:0006629"", ""GO:1901576"")"
"48","YLR449W","TRUE","2.40805775896127e-05","103","2524","78","0.0309033280507132","0.757281553398058","GO:0000462","GO:BP","maturation of SSU-rRNA from tricistronic rRNA transcript (SSU-rRNA, 5.8S rRNA, LSU-rRNA)","5076","206","GO:0030490"
"49","YLR449W","TRUE","2.52408418238435e-05","142","2524","102","0.0404120443740095","0.71830985915493","GO:0042274","GO:BP","ribosomal small subunit biogenesis","5076","11682","c(""GO:0022613"", ""GO:0042254"")"
"50","YLR449W","TRUE","2.64112625122586e-05","162","2524","114","0.0451664025356577","0.703703703703704","GO:0022618","GO:BP","ribonucleoprotein complex assembly","5076","7633","c(""GO:0022613"", ""GO:0034622"", ""GO:0071826"")"
"51","YLR449W","TRUE","3.83332441295467e-05","151","2524","107","0.0423930269413629","0.708609271523179","GO:0090305","GO:BP","nucleic acid phosphodiester bond hydrolysis","5076","21374","GO:0090304"
"52","YLR449W","TRUE","0.000125711373685453","38","2524","34","0.0134706814580032","0.894736842105263","GO:0006418","GO:BP","tRNA aminoacylation for protein translation","5076","2420","c(""GO:0006412"", ""GO:0043039"")"
"53","YLR449W","TRUE","0.000161273782254227","41","2524","36","0.0142630744849445","0.878048780487805","GO:0043039","GO:BP","tRNA aminoacylation","5076","12137","c(""GO:0006399"", ""GO:0043038"")"
"54","YLR449W","TRUE","0.000161273782254227","41","2524","36","0.0142630744849445","0.878048780487805","GO:0043038","GO:BP","amino acid activation","5076","12136","GO:0006520"
"55","YLR449W","TRUE","0.000261589366037965","260","2524","168","0.0665610142630745","0.646153846153846","GO:0090407","GO:BP","organophosphate biosynthetic process","5076","21468","c(""GO:0019637"", ""GO:1901576"")"
"56","YLR449W","TRUE","0.000263211012726697","1966","2524","1063","0.421156893819334","0.540691759918617","GO:1901360","GO:BP","organic cyclic compound metabolic process","5076","24636","GO:0071704"
"57","YLR449W","TRUE","0.000275354860650532","515","2524","309","0.122424722662441","0.6","GO:0034622","GO:BP","cellular protein-containing complex assembly","5076","10013","GO:0065003"
"58","YLR449W","TRUE","0.000368873315740083","542","2524","323","0.12797147385103","0.595940959409594","GO:0065003","GO:BP","protein-containing complex assembly","5076","18660","c(""GO:0022607"", ""GO:0043933"")"
"59","YLR449W","TRUE","0.000420899671775575","1821","2524","988","0.391442155309033","0.542559033498078","GO:0006139","GO:BP","nucleobase-containing compound metabolic process","5076","2173","c(""GO:0006725"", ""GO:0034641"", ""GO:0044238"", ""GO:0046483"", ""GO:1901360"")"
"60","YLR449W","TRUE","0.000467132937270569","2079","2524","1118","0.442947702060222","0.537758537758538","GO:1901576","GO:BP","organic substance biosynthetic process","5076","24835","c(""GO:0009058"", ""GO:0071704"")"
"61","YLR449W","TRUE","0.000552031884275184","337","2524","210","0.0832012678288431","0.623145400593472","GO:1901135","GO:BP","carbohydrate derivative metabolic process","5076","24428","GO:0071704"
"62","YLR449W","TRUE","0.000554350248747245","168","2524","114","0.0451664025356577","0.678571428571429","GO:0071826","GO:BP","ribonucleoprotein complex subunit organization","5076","19802","GO:0043933"
"63","YLR449W","TRUE","0.000722740483191291","2094","2524","1124","0.445324881141046","0.536771728748806","GO:0009058","GO:BP","biosynthetic process","5076","3674","GO:0008152"
"64","YLR449W","TRUE","0.000960850820134259","1736","2524","942","0.373217115689382","0.542626728110599","GO:0010467","GO:BP","gene expression","5076","4661","GO:0043170"
"65","YLR449W","TRUE","0.0010090294360334","1908","2524","1029","0.407686212361331","0.539308176100629","GO:0046483","GO:BP","heterocycle metabolic process","5076","14204","GO:0044237"
"66","YLR449W","TRUE","0.00106331610399902","56","2524","45","0.0178288431061807","0.803571428571429","GO:0000479","GO:BP","endonucleolytic cleavage of tricistronic rRNA transcript (SSU-rRNA, 5.8S rRNA, LSU-rRNA)","5076","223","GO:0000478"
"67","YLR449W","TRUE","0.00106331610399902","56","2524","45","0.0178288431061807","0.803571428571429","GO:0000478","GO:BP","endonucleolytic cleavage involved in rRNA processing","5076","222","c(""GO:0000469"", ""GO:0090502"")"
"68","YLR449W","TRUE","0.00173930655519407","1902","2524","1024","0.405705229793978","0.538380651945321","GO:0006725","GO:BP","cellular aromatic compound metabolic process","5076","2705","GO:0044237"
"69","YLR449W","TRUE","0.00180063083746362","18","2524","18","0.00713153724247227","1","GO:0051156","GO:BP","glucose 6-phosphate metabolic process","5076","15671","c(""GO:0006796"", ""GO:0019637"", ""GO:1901135"")"
"70","YLR449W","TRUE","0.00187076872779389","710","2524","409","0.162044374009509","0.576056338028169","GO:1901575","GO:BP","organic substance catabolic process","5076","24834","c(""GO:0009056"", ""GO:0071704"")"
"71","YLR449W","TRUE","0.00188369715297684","43","2524","36","0.0142630744849445","0.837209302325581","GO:0000447","GO:BP","endonucleolytic cleavage in ITS1 to separate SSU-rRNA from 5.8S rRNA and LSU-rRNA from tricistronic rRNA transcript (SSU-rRNA, 5.8S rRNA, LSU-rRNA)","5076","191","c(""GO:0000462"", ""GO:0000466"", ""GO:0000479"")"
"72","YLR449W","TRUE","0.00269503581581697","117","2524","82","0.0324881141045959","0.700854700854701","GO:0008654","GO:BP","phospholipid biosynthetic process","5076","3665","c(""GO:0006644"", ""GO:0008610"", ""GO:0044249"", ""GO:0090407"")"
"73","YLR449W","TRUE","0.00281626647778324","203","2524","132","0.05229793977813","0.650246305418719","GO:0048193","GO:BP","Golgi vesicle transport","5076","14646","GO:0016192"
"74","YLR449W","TRUE","0.00320835136862858","42","2524","35","0.0138668779714739","0.833333333333333","GO:0000027","GO:BP","ribosomal large subunit assembly","5076","14","c(""GO:0022618"", ""GO:0042255"", ""GO:0042273"")"
"75","YLR449W","TRUE","0.00367249810159734","155","2524","104","0.0412044374009509","0.670967741935484","GO:0006644","GO:BP","phospholipid metabolic process","5076","2628","c(""GO:0006796"", ""GO:0019637"", ""GO:0044255"")"
"76","YLR449W","TRUE","0.00430898405454002","88","2524","64","0.0253565768621236","0.727272727272727","GO:0005996","GO:BP","monosaccharide metabolic process","5076","2039","c(""GO:0005975"", ""GO:0044281"")"
"77","YLR449W","TRUE","0.00490305235770707","21","2524","20","0.00792393026941363","0.952380952380952","GO:0030488","GO:BP","tRNA methylation","5076","7892","c(""GO:0001510"", ""GO:0006400"")"
"78","YLR449W","TRUE","0.00551704633749951","175","2524","115","0.0455625990491284","0.657142857142857","GO:0009117","GO:BP","nucleotide metabolic process","5076","3731","GO:0006753"
"79","YLR449W","TRUE","0.00676806190534706","179","2524","117","0.0463549920760697","0.653631284916201","GO:0006753","GO:BP","nucleoside phosphate metabolic process","5076","2729","c(""GO:0006796"", ""GO:0019637"", ""GO:0055086"")"
"80","YLR449W","TRUE","0.00733091212516373","16","2524","16","0.0063391442155309","1","GO:0006098","GO:BP","pentose-phosphate shunt","5076","2135","c(""GO:0006740"", ""GO:0051156"")"
"81","YLR449W","TRUE","0.00743581562788039","174","2524","114","0.0451664025356577","0.655172413793103","GO:0034248","GO:BP","regulation of cellular amide metabolic process","5076","9823","c(""GO:0031323"", ""GO:0043603"", ""GO:0051171"")"
"82","YLR449W","TRUE","0.00761716088115963","881","2524","495","0.196117274167987","0.561861520998865","GO:0009056","GO:BP","catabolic process","5076","3672","GO:0008152"
"83","YLR449W","TRUE","0.0076194251189886","31","2524","27","0.0106973058637084","0.870967741935484","GO:0000480","GO:BP","endonucleolytic cleavage in 5'-ETS of tricistronic rRNA transcript (SSU-rRNA, 5.8S rRNA, LSU-rRNA)","5076","224","c(""GO:0000462"", ""GO:0000479"")"
"84","YLR449W","TRUE","0.00830156557382072","24","2524","22","0.00871632329635499","0.916666666666667","GO:0006739","GO:BP","NADP metabolic process","5076","2717","GO:0008152"
"85","YLR449W","TRUE","0.00874425329994413","222","2524","141","0.0558637083993661","0.635135135135135","GO:0006091","GO:BP","generation of precursor metabolites and energy","5076","2131","GO:0044237"
"86","YLR449W","TRUE","0.00944610773477827","20","2524","19","0.00752773375594295","0.95","GO:0006740","GO:BP","NADPH regeneration","5076","2718","c(""GO:0006091"", ""GO:0006739"")"
"87","YLR449W","TRUE","0.0102516652312255","772","2524","437","0.173137876386688","0.566062176165803","GO:0006464","GO:BP","cellular protein modification process","5076","2456","c(""GO:0036211"", ""GO:0044267"")"
"88","YLR449W","TRUE","0.0102516652312255","772","2524","437","0.173137876386688","0.566062176165803","GO:0036211","GO:BP","protein modification process","5076","10969","c(""GO:0019538"", ""GO:0043412"")"
"89","YLR449W","TRUE","0.0106802595355841","78","2524","57","0.0225832012678288","0.730769230769231","GO:0042255","GO:BP","ribosome assembly","5076","11669","c(""GO:0042254"", ""GO:0070925"")"
"90","YLR449W","TRUE","0.0116747739491067","62","2524","47","0.018621236133122","0.758064516129032","GO:0061014","GO:BP","positive regulation of mRNA catabolic process","5076","17814","c(""GO:0006402"", ""GO:0031331"", ""GO:0061013"", ""GO:1903313"")"
"91","YLR449W","TRUE","0.0116747739491067","62","2524","47","0.018621236133122","0.758064516129032","GO:0050779","GO:BP","RNA destabilization","5076","15362","c(""GO:0006401"", ""GO:0031331"", ""GO:0043487"", ""GO:0051254"")"
"92","YLR449W","TRUE","0.0116747739491067","62","2524","47","0.018621236133122","0.758064516129032","GO:0061157","GO:BP","mRNA destabilization","5076","17947","c(""GO:0017148"", ""GO:0043488"", ""GO:0050779"", ""GO:0061014"")"
"93","YLR449W","TRUE","0.0121384255268915","170","2524","111","0.0439778129952456","0.652941176470588","GO:0006417","GO:BP","regulation of translation","5076","2419","c(""GO:0006412"", ""GO:0010608"", ""GO:0032268"", ""GO:0034248"", ""GO:2000112"")"
"94","YLR449W","TRUE","0.0130045474418726","115","2524","79","0.0312995245641838","0.68695652173913","GO:0006650","GO:BP","glycerophospholipid metabolic process","5076","2633","c(""GO:0006644"", ""GO:0046486"")"
"95","YLR449W","TRUE","0.0142453233302361","1246","2524","682","0.270206022187005","0.547351524879615","GO:0044085","GO:BP","cellular component biogenesis","5076","12668","GO:0071840"
"96","YLR449W","TRUE","0.0147874636370879","15","2524","15","0.00594294770206022","1","GO:0071047","GO:BP","polyadenylation-dependent mRNA catabolic process","5076","19269","c(""GO:0006402"", ""GO:0043633"", ""GO:0061157"")"
"97","YLR449W","TRUE","0.0147874636370879","15","2524","15","0.00594294770206022","1","GO:0071042","GO:BP","nuclear polyadenylation-dependent mRNA catabolic process","5076","19264","GO:0071047"
"98","YLR449W","TRUE","0.0156148919833665","64","2524","48","0.0190174326465927","0.75","GO:0090502","GO:BP","RNA phosphodiester bond hydrolysis, endonucleolytic","5076","21523","GO:0090501"
"99","YLR449W","TRUE","0.0226994104396229","2033","2524","1080","0.427892234548336","0.531234628627644","GO:0044249","GO:BP","cellular biosynthetic process","5076","12733","c(""GO:0009058"", ""GO:0044237"")"
"100","YLR449W","TRUE","0.0245508310023367","81","2524","58","0.0229793977812995","0.716049382716049","GO:0034249","GO:BP","negative regulation of cellular amide metabolic process","5076","9824","c(""GO:0031324"", ""GO:0034248"", ""GO:0043603"", ""GO:0051172"")"
"101","YLR449W","TRUE","0.0245895554831029","96","2524","67","0.0265451664025357","0.697916666666667","GO:0006888","GO:BP","endoplasmic reticulum to Golgi vesicle-mediated transport","5076","2844","c(""GO:0046907"", ""GO:0048193"")"
"102","YLR449W","TRUE","0.0251397120707112","137","2524","91","0.036053882725832","0.664233576642336","GO:1901615","GO:BP","organic hydroxy compound metabolic process","5076","24865","GO:0071704"
"103","YLR449W","TRUE","0.0256100955579215","32","2524","27","0.0106973058637084","0.84375","GO:0000472","GO:BP","endonucleolytic cleavage to generate mature 5'-end of SSU-rRNA from (SSU-rRNA, 5.8S rRNA, LSU-rRNA)","5076","216","c(""GO:0000462"", ""GO:0000479"", ""GO:0000967"")"
"104","YLR449W","TRUE","0.0293628477450265","78","2524","56","0.0221870047543582","0.717948717948718","GO:0019318","GO:BP","hexose metabolic process","5076","6581","GO:0005996"
"105","YLR449W","TRUE","0.0298223669047566","14","2524","14","0.00554675118858954","1","GO:0099022","GO:BP","vesicle tethering","5076","22284","c(""GO:0006903"", ""GO:0016043"")"
"106","YLR449W","TRUE","0.0300236141827969","215","2524","135","0.053486529318542","0.627906976744186","GO:0055086","GO:BP","nucleobase-containing small molecule metabolic process","5076","16839","c(""GO:0006139"", ""GO:0044281"")"
"107","YLR449W","TRUE","0.0330753024597864","129","2524","86","0.0340729001584786","0.666666666666667","GO:0046486","GO:BP","glycerolipid metabolic process","5076","14207","GO:0044255"
"108","YLR449W","TRUE","0.0398543176022066","778","2524","436","0.172741679873217","0.560411311053985","GO:0044248","GO:BP","cellular catabolic process","5076","12732","c(""GO:0009056"", ""GO:0044237"")"
"109","YLR449W","TRUE","0.0412200091275337","97","2524","67","0.0265451664025357","0.690721649484536","GO:0006066","GO:BP","alcohol metabolic process","5076","2107","c(""GO:0044281"", ""GO:1901615"")"
"110","YLR449W","TRUE","0.0436589007831562","2338","2524","1230","0.487321711568938","0.526090675791275","GO:0044260","GO:BP","cellular macromolecule metabolic process","5076","12740","c(""GO:0043170"", ""GO:0044237"")"
"111","YLR449W","TRUE","0.0441643379112074","34","2524","28","0.0110935023771791","0.823529411764706","GO:0000967","GO:BP","rRNA 5'-end processing","5076","343","c(""GO:0006364"", ""GO:0034471"")"
"112","YLR449W","TRUE","0.0447829925984783","651","2524","369","0.146196513470681","0.566820276497696","GO:0043933","GO:BP","protein-containing complex subunit organization","5076","12553","GO:0016043"
"113","YLR449W","TRUE","0.0468623418610539","64","2524","47","0.018621236133122","0.734375","GO:1903313","GO:BP","positive regulation of mRNA metabolic process","5076","26354","c(""GO:0016071"", ""GO:0051254"", ""GO:1903311"")"
"114","YLR449W","TRUE","0.0497897443365446","663","2524","375","0.148573692551506","0.565610859728507","GO:0046907","GO:BP","intracellular transport","5076","14486","c(""GO:0006810"", ""GO:0051641"", ""GO:0051649"")"
"115","YLR449W","TRUE","2.86415537557389e-77","4631","2483","2337","0.941200161095449","0.504642625782768","GO:0005622","GO:CC","intracellular anatomical structure","5488","284","GO:0110165"
"116","YLR449W","TRUE","9.78645614469251e-37","3671","2483","1885","0.759162303664921","0.51348406428766","GO:0005737","GO:CC","cytoplasm","5488","385","c(""GO:0005622"", ""GO:0110165"")"
"117","YLR449W","TRUE","1.33637959830187e-33","4030","2483","2024","0.815142972211035","0.502233250620347","GO:0043229","GO:CC","intracellular organelle","5488","2130","c(""GO:0005622"", ""GO:0043226"")"
"118","YLR449W","TRUE","4.14614167324241e-33","4036","2483","2025","0.815545710833669","0.501734390485629","GO:0043226","GO:CC","organelle","5488","2127","GO:0110165"
"119","YLR449W","TRUE","7.95923733271396e-31","2024","2483","1128","0.454289166331051","0.557312252964427","GO:0032991","GO:CC","protein-containing complex","5488","1570","GO:0005575"
"120","YLR449W","TRUE","1.83988779828392e-26","704","2483","455","0.183246073298429","0.646306818181818","GO:0005829","GO:CC","cytosol","5488","470","c(""GO:0005737"", ""GO:0110165"")"
"121","YLR449W","TRUE","1.53568447769968e-21","1004","2483","597","0.240434957712445","0.594621513944223","GO:0043233","GO:CC","organelle lumen","5488","2134","c(""GO:0031974"", ""GO:0043226"")"
"122","YLR449W","TRUE","1.53568447769968e-21","1004","2483","597","0.240434957712445","0.594621513944223","GO:0031974","GO:CC","membrane-enclosed lumen","5488","1446","GO:0110165"
"123","YLR449W","TRUE","1.53568447769968e-21","1004","2483","597","0.240434957712445","0.594621513944223","GO:0070013","GO:CC","intracellular organelle lumen","5488","2720","c(""GO:0043229"", ""GO:0043233"")"
"124","YLR449W","TRUE","3.17279488050103e-20","3680","2483","1832","0.737817156665324","0.497826086956522","GO:0043227","GO:CC","membrane-bounded organelle","5488","2128","GO:0043226"
"125","YLR449W","TRUE","6.59146485363989e-20","3676","2483","1829","0.736608940797422","0.497551686615887","GO:0043231","GO:CC","intracellular membrane-bounded organelle","5488","2132","c(""GO:0043227"", ""GO:0043229"")"
"126","YLR449W","TRUE","3.32595201377681e-19","656","2483","410","0.165122835279903","0.625","GO:0031981","GO:CC","nuclear lumen","5488","1452","c(""GO:0005634"", ""GO:0070013"")"
"127","YLR449W","TRUE","6.5224058342501e-15","313","2483","213","0.085783326621023","0.680511182108626","GO:0005654","GO:CC","nucleoplasm","5488","312","c(""GO:0031981"", ""GO:0110165"")"
"128","YLR449W","TRUE","1.51231703650566e-12","504","2483","310","0.124848973016512","0.615079365079365","GO:1990904","GO:CC","ribonucleoprotein complex","5488","4442","GO:0032991"
"129","YLR449W","TRUE","2.96835181652301e-12","670","2483","395","0.159081755940395","0.58955223880597","GO:1902494","GO:CC","catalytic complex","5488","4001","GO:0032991"
"130","YLR449W","TRUE","1.35718168463233e-11","304","2483","200","0.0805477245267821","0.657894736842105","GO:0005730","GO:CC","nucleolus","5488","378","c(""GO:0031981"", ""GO:0043232"")"
"131","YLR449W","TRUE","1.14825204902169e-10","1305","2483","702","0.282722513089005","0.537931034482759","GO:0043228","GO:CC","non-membrane-bounded organelle","5488","2129","GO:0043226"
"132","YLR449W","TRUE","1.14825204902169e-10","1305","2483","702","0.282722513089005","0.537931034482759","GO:0043232","GO:CC","intracellular non-membrane-bounded organelle","5488","2133","c(""GO:0043228"", ""GO:0043229"")"
"133","YLR449W","TRUE","1.31189884383543e-10","74","2483","63","0.0253725332259364","0.851351351351351","GO:0055029","GO:CC","nuclear DNA-directed RNA polymerase complex","5488","2562","c(""GO:0000428"", ""GO:0140513"")"
"134","YLR449W","TRUE","1.64487911301834e-10","138","2483","103","0.0414820781312928","0.746376811594203","GO:0061695","GO:CC","transferase complex, transferring phosphorus-containing groups","5488","2638","GO:1990234"
"135","YLR449W","TRUE","2.43575716310349e-10","76","2483","64","0.0257752718485703","0.842105263157895","GO:0030880","GO:CC","RNA polymerase complex","5488","1159","c(""GO:0061695"", ""GO:0140535"")"
"136","YLR449W","TRUE","2.43575716310349e-10","76","2483","64","0.0257752718485703","0.842105263157895","GO:0000428","GO:CC","DNA-directed RNA polymerase complex","5488","90","GO:0030880"
"137","YLR449W","TRUE","2.76905016633604e-10","137","2483","102","0.0410793395086589","0.744525547445255","GO:0030684","GO:CC","preribosome","5488","1137","GO:1990904"
"138","YLR449W","TRUE","1.83508963400458e-09","160","2483","114","0.0459122029802658","0.7125","GO:0022626","GO:CC","cytosolic ribosome","5488","1015","c(""GO:0005829"", ""GO:0005840"")"
"139","YLR449W","TRUE","2.17840934958525e-08","1976","2483","1006","0.405155054369714","0.509109311740891","GO:0005634","GO:CC","nucleus","5488","295","GO:0043231"
"140","YLR449W","TRUE","5.61714288895419e-08","457","2483","270","0.108739428111156","0.590809628008753","GO:0140535","GO:CC","intracellular protein-containing complex","5488","3964","GO:0032991"
"141","YLR449W","TRUE","1.13293851049228e-06","51","2483","43","0.0173177607732582","0.843137254901961","GO:0016591","GO:CC","RNA polymerase II, holoenzyme","5488","894","c(""GO:0005654"", ""GO:0055029"")"
"142","YLR449W","TRUE","3.68561051386531e-06","52","2483","43","0.0173177607732582","0.826923076923077","GO:0032040","GO:CC","small-subunit processome","5488","1464","GO:0030684"
"143","YLR449W","TRUE","1.58519562961784e-05","380","2483","221","0.0890052356020942","0.581578947368421","GO:1990234","GO:CC","transferase complex","5488","4207","GO:1902494"
"144","YLR449W","TRUE","4.46504941321631e-05","56","2483","44","0.0177204993958921","0.785714285714286","GO:0005657","GO:CC","replication fork","5488","315","c(""GO:0005694"", ""GO:0110165"")"
"145","YLR449W","TRUE","4.87476514768782e-05","521","2483","290","0.116794200563834","0.556621880998081","GO:0031984","GO:CC","organelle subcompartment","5488","1455","c(""GO:0043227"", ""GO:0043229"", ""GO:0110165"")"
"146","YLR449W","TRUE","5.24104013775888e-05","396","2483","227","0.0914216673378977","0.573232323232323","GO:0042175","GO:CC","nuclear outer membrane-endoplasmic reticulum membrane network","5488","2022","c(""GO:0012505"", ""GO:0016020"")"
"147","YLR449W","TRUE","6.4912617407223e-05","383","2483","220","0.0886024969794603","0.574412532637076","GO:0005789","GO:CC","endoplasmic reticulum membrane","5488","433","c(""GO:0031090"", ""GO:0042175"", ""GO:0098827"")"
"148","YLR449W","TRUE","8.7380788763275e-05","390","2483","223","0.0898107128473621","0.571794871794872","GO:0098827","GO:CC","endoplasmic reticulum subcompartment","5488","3638","c(""GO:0005783"", ""GO:0031984"")"
"149","YLR449W","TRUE","9.62697389081019e-05","52","2483","41","0.0165122835279903","0.788461538461538","GO:1905369","GO:CC","endopeptidase complex","5488","4089","GO:1905368"
"150","YLR449W","TRUE","0.000144458033727239","678","2483","365","0.146999597261377","0.53834808259587","GO:0140513","GO:CC","nuclear protein-containing complex","5488","3961","c(""GO:0005634"", ""GO:0032991"")"
"151","YLR449W","TRUE","0.00020132508227063","83","2483","59","0.0237615787354007","0.710843373493976","GO:0022625","GO:CC","cytosolic large ribosomal subunit","5488","1014","c(""GO:0015934"", ""GO:0022626"")"
"152","YLR449W","TRUE","0.000616920688768708","258","2483","152","0.0612162706403544","0.589147286821705","GO:0005840","GO:CC","ribosome","5488","480","GO:0043232"
"153","YLR449W","TRUE","0.000977516377379663","490","2483","268","0.107933950865888","0.546938775510204","GO:0005783","GO:CC","endoplasmic reticulum","5488","427","c(""GO:0005737"", ""GO:0012505"", ""GO:0043231"")"
"154","YLR449W","TRUE","0.00140712833860863","42","2483","33","0.013290374546919","0.785714285714286","GO:0043596","GO:CC","nuclear replication fork","5488","2177","c(""GO:0000228"", ""GO:0005657"")"
"155","YLR449W","TRUE","0.00147318904246344","81","2483","56","0.022553362867499","0.691358024691358","GO:1905368","GO:CC","peptidase complex","5488","4088","GO:1902494"
"156","YLR449W","TRUE","0.00156600045090939","47","2483","36","0.0144985904148208","0.765957446808511","GO:0000502","GO:CC","proteasome complex","5488","98","c(""GO:0140535"", ""GO:1905369"")"
"157","YLR449W","TRUE","0.00221579330111741","66","2483","47","0.0189287152637938","0.712121212121212","GO:0022627","GO:CC","cytosolic small ribosomal subunit","5488","1016","c(""GO:0015935"", ""GO:0022626"")"
"158","YLR449W","TRUE","0.00254910275430455","1199","2483","606","0.24405960531615","0.505421184320267","GO:0031090","GO:CC","organelle membrane","5488","1217","c(""GO:0016020"", ""GO:0043227"")"
"159","YLR449W","TRUE","0.00265656606790095","21","2483","19","0.0076520338300443","0.904761904761905","GO:0005838","GO:CC","proteasome regulatory particle","5488","478","c(""GO:0022624"", ""GO:0032991"")"
"160","YLR449W","TRUE","0.00265656606790095","21","2483","19","0.0076520338300443","0.904761904761905","GO:0022624","GO:CC","proteasome accessory complex","5488","1013","c(""GO:0000502"", ""GO:0005622"", ""GO:0032991"")"
"161","YLR449W","TRUE","0.0027241561106338","228","2483","134","0.053966975432944","0.587719298245614","GO:0044391","GO:CC","ribosomal subunit","5488","2334","c(""GO:0005840"", ""GO:1990904"")"
"162","YLR449W","TRUE","0.00377933023257546","919","2483","472","0.190092629883206","0.513601741022851","GO:0012505","GO:CC","endomembrane system","5488","817","GO:0110165"
"163","YLR449W","TRUE","0.00412690051988119","17","2483","16","0.00644381796214257","0.941176470588235","GO:0005666","GO:CC","RNA polymerase III complex","5488","322","GO:0055029"
"164","YLR449W","TRUE","0.00416334665425539","90","2483","60","0.0241643173580346","0.666666666666667","GO:0031970","GO:CC","organelle envelope lumen","5488","1443","c(""GO:0031967"", ""GO:0070013"")"
"165","YLR449W","TRUE","0.00506926806364554","85","2483","57","0.0229561014901329","0.670588235294118","GO:0005758","GO:CC","mitochondrial intermembrane space","5488","403","c(""GO:0005740"", ""GO:0031970"")"
"166","YLR449W","TRUE","0.00551771557657941","325","2483","182","0.0732984293193717","0.56","GO:0098796","GO:CC","membrane protein complex","5488","3627","c(""GO:0016020"", ""GO:0032991"")"
"167","YLR449W","TRUE","0.00557697032252712","26","2483","22","0.00886024969794603","0.846153846153846","GO:0034515","GO:CC","proteasome storage granule","5488","1733","c(""GO:0005737"", ""GO:0043232"")"
"168","YLR449W","TRUE","0.00758486422303229","61","2483","43","0.0173177607732582","0.704918032786885","GO:0032993","GO:CC","protein-DNA complex","5488","1572","GO:0032991"
"169","YLR449W","TRUE","0.0130803781946265","43","2483","32","0.0128876359242851","0.744186046511628","GO:0030686","GO:CC","90S preribosome","5488","1139","GO:0030684"
"170","YLR449W","TRUE","0.0172181764419416","27","2483","22","0.00886024969794603","0.814814814814815","GO:0031298","GO:CC","replication fork protection complex","5488","1275","c(""GO:0043596"", ""GO:0140513"")"
"171","YLR449W","TRUE","0.0225647501258153","11","2483","11","0.00443012484897302","1","GO:0071162","GO:CC","CMG complex","5488","3024","c(""GO:0000228"", ""GO:0031261"")"
"172","YLR449W","TRUE","0.0225647501258153","11","2483","11","0.00443012484897302","1","GO:0000176","GO:CC","nuclear exosome (RNase complex)","5488","31","c(""GO:0000178"", ""GO:0031981"", ""GO:0140513"")"
"173","YLR449W","TRUE","0.0346035052739253","53","2483","37","0.0149013290374547","0.69811320754717","GO:0030687","GO:CC","preribosome, large subunit precursor","5488","1140","GO:0030684"
"174","YLR449W","TRUE","0.0424611056855066","17","2483","15","0.00604107933950866","0.882352941176471","GO:0005656","GO:CC","nuclear pre-replicative complex","5488","314","c(""GO:0005654"", ""GO:0036387"", ""GO:0140513"")"
"175","YLR449W","TRUE","0.0424611056855066","17","2483","15","0.00604107933950866","0.882352941176471","GO:0036387","GO:CC","pre-replicative complex","5488","1942","GO:0032993"
"176","YLR449W","TRUE","0.0427249896163056","73","2483","48","0.0193314538864277","0.657534246575342","GO:0030135","GO:CC","coated vesicle","5488","1075","GO:0031410"
"177","YLR449W","TRUE","0.0445100773884568","43","2483","31","0.0124848973016512","0.720930232558139","GO:0099023","GO:CC","vesicle tethering complex","5488","3717","GO:0032991"
"178","YLR449W","TRUE","0.0480511620275214","38","2483","28","0.0112766814337495","0.736842105263158","GO:0030134","GO:CC","COPII-coated ER to Golgi transport vesicle","5488","1074","GO:0030135"
"179","YLR449W","TRUE","0.0499837044841148","10","2483","10","0.00402738622633911","1","GO:0008540","GO:CC","proteasome regulatory particle, base subcomplex","5488","626","c(""GO:0005838"", ""GO:0032991"")"
"180","YLR449W","TRUE","3.37321515724013e-14","623","2365","429","0.181395348837209","0.68860353130016","GO:0032559","GO:MF","adenyl ribonucleotide binding","4380","5411","c(""GO:0030554"", ""GO:0032555"")"
"181","YLR449W","TRUE","4.57353155513207e-14","627","2365","431","0.182241014799154","0.687400318979266","GO:0030554","GO:MF","adenyl nucleotide binding","4380","4883","GO:0017076"
"182","YLR449W","TRUE","6.04551672817255e-14","621","2365","427","0.180549682875264","0.687600644122383","GO:0005524","GO:MF","ATP binding","4380","1888","c(""GO:0032559"", ""GO:0035639"")"
"183","YLR449W","TRUE","4.30128539311793e-12","2073","2365","1243","0.525581395348837","0.599614085865895","GO:0003824","GO:MF","catalytic activity","4380","512","GO:0003674"
"184","YLR449W","TRUE","4.69009655994723e-12","824","2365","541","0.228752642706131","0.656553398058252","GO:1901265","GO:MF","nucleoside phosphate binding","4380","11946","c(""GO:0097159"", ""GO:1901363"")"
"185","YLR449W","TRUE","4.69009655994723e-12","824","2365","541","0.228752642706131","0.656553398058252","GO:0000166","GO:MF","nucleotide binding","4380","35","c(""GO:0036094"", ""GO:1901265"")"
"186","YLR449W","TRUE","2.03106790925919e-11","890","2365","577","0.243974630021142","0.648314606741573","GO:0036094","GO:MF","small molecule binding","4380","6389","GO:0005488"
"187","YLR449W","TRUE","2.9509806209752e-11","187","2365","148","0.0625792811839323","0.79144385026738","GO:0140098","GO:MF","catalytic activity, acting on RNA","4380","11781","GO:0003824"
"188","YLR449W","TRUE","3.73902742403138e-11","726","2365","480","0.202959830866808","0.661157024793388","GO:0017076","GO:MF","purine nucleotide binding","4380","3959","GO:0000166"
"189","YLR449W","TRUE","3.85961597227813e-11","721","2365","477","0.20169133192389","0.661581137309293","GO:0032555","GO:MF","purine ribonucleotide binding","4380","5407","c(""GO:0017076"", ""GO:0032553"")"
"190","YLR449W","TRUE","6.37415691698884e-11","719","2365","475","0.200845665961945","0.660639777468707","GO:0035639","GO:MF","purine ribonucleoside triphosphate binding","4380","6342","c(""GO:0043168"", ""GO:1901265"")"
"191","YLR449W","TRUE","4.44925989291649e-10","745","2365","487","0.205919661733615","0.653691275167785","GO:0097367","GO:MF","carbohydrate derivative binding","4380","10338","GO:0005488"
"192","YLR449W","TRUE","4.81791675719798e-10","735","2365","481","0.20338266384778","0.654421768707483","GO:0032553","GO:MF","ribonucleotide binding","4380","5405","c(""GO:0000166"", ""GO:0097367"")"
"193","YLR449W","TRUE","1.38990927722813e-09","537","2365","362","0.153065539112051","0.674115456238361","GO:0003723","GO:MF","RNA binding","4380","438","GO:0003676"
"194","YLR449W","TRUE","2.66069606571525e-09","845","2365","542","0.229175475687104","0.641420118343195","GO:0043168","GO:MF","anion binding","4380","6775","GO:0043167"
"195","YLR449W","TRUE","9.12761908033535e-06","258","2365","180","0.0761099365750529","0.697674418604651","GO:0016887","GO:MF","ATPase","4380","3852","GO:0003674"
"196","YLR449W","TRUE","9.29166576670237e-06","86","2365","70","0.0295983086680761","0.813953488372093","GO:0140101","GO:MF","catalytic activity, acting on a tRNA","4380","11782","GO:0140098"
"197","YLR449W","TRUE","1.21191404016065e-05","321","2365","218","0.0921775898520085","0.679127725856698","GO:0016772","GO:MF","transferase activity, transferring phosphorus-containing groups","4380","3745","GO:0016740"
"198","YLR449W","TRUE","1.30951285675488e-05","169","2365","124","0.052431289640592","0.733727810650888","GO:0140097","GO:MF","catalytic activity, acting on DNA","4380","11780","GO:0003824"
"199","YLR449W","TRUE","2.30958485555568e-05","2948","2365","1671","0.706553911205074","0.566824966078697","GO:0005488","GO:MF","binding","4380","1862","GO:0003674"
"200","YLR449W","TRUE","4.79962386797728e-05","109","2365","84","0.0355179704016913","0.770642201834862","GO:0008094","GO:MF","ATPase, acting on DNA","4380","1961","c(""GO:0016887"", ""GO:0140097"")"
"201","YLR449W","TRUE","0.000114191893999579","95","2365","74","0.0312896405919662","0.778947368421053","GO:0004386","GO:MF","helicase activity","4380","1005","GO:0008094"
"202","YLR449W","TRUE","0.000170883518786392","1823","2365","1061","0.448625792811839","0.58200767964893","GO:0097159","GO:MF","organic cyclic compound binding","4380","10305","GO:0005488"
"203","YLR449W","TRUE","0.000173876777973473","82","2365","65","0.0274841437632135","0.792682926829268","GO:0016779","GO:MF","nucleotidyltransferase activity","4380","3751","GO:0016772"
"204","YLR449W","TRUE","0.000309353040104974","1812","2365","1053","0.445243128964059","0.58112582781457","GO:1901363","GO:MF","heterocyclic compound binding","4380","11949","GO:0005488"
"205","YLR449W","TRUE","0.00036392144328656","793","2365","486","0.205496828752643","0.612862547288777","GO:0016740","GO:MF","transferase activity","4380","3716","GO:0003824"
"206","YLR449W","TRUE","0.000469011825553166","1492","2365","876","0.370401691331924","0.587131367292225","GO:0043167","GO:MF","ion binding","4380","6774","GO:0005488"
"207","YLR449W","TRUE","0.000579653213344496","37","2365","33","0.013953488372093","0.891891891891892","GO:0004812","GO:MF","aminoacyl-tRNA ligase activity","4380","1371","c(""GO:0016875"", ""GO:0140101"")"
"208","YLR449W","TRUE","0.000579653213344496","37","2365","33","0.013953488372093","0.891891891891892","GO:0016875","GO:MF","ligase activity, forming carbon-oxygen bonds","4380","3841","GO:0016874"
"209","YLR449W","TRUE","0.000616582116715965","116","2365","86","0.0363636363636364","0.741379310344828","GO:0016874","GO:MF","ligase activity","4380","3840","GO:0003824"
"210","YLR449W","TRUE","0.00266342168863838","34","2365","30","0.0126849894291755","0.882352941176471","GO:0097747","GO:MF","RNA polymerase activity","4380","10379","c(""GO:0016779"", ""GO:0140098"")"
"211","YLR449W","TRUE","0.00266342168863838","34","2365","30","0.0126849894291755","0.882352941176471","GO:0003899","GO:MF","DNA-directed 5'-3' RNA polymerase activity","4380","576","GO:0034062"
"212","YLR449W","TRUE","0.00266342168863838","34","2365","30","0.0126849894291755","0.882352941176471","GO:0034062","GO:MF","5'-3' RNA polymerase activity","4380","5891","GO:0097747"
"213","YLR449W","TRUE","0.00439672305028045","33","2365","29","0.012262156448203","0.878787878787879","GO:0003678","GO:MF","DNA helicase activity","4380","401","GO:0004386"
"214","YLR449W","TRUE","0.00723000023227603","32","2365","28","0.0118393234672304","0.875","GO:0008173","GO:MF","RNA methyltransferase activity","4380","2016","c(""GO:0008168"", ""GO:0140098"")"
"215","YLR449W","TRUE","0.00723000023227603","32","2365","28","0.0118393234672304","0.875","GO:0015144","GO:MF","carbohydrate transmembrane transporter activity","4380","2969","GO:0022857"
"216","YLR449W","TRUE","0.0118108927863357","15","2365","15","0.00634249471458774","1","GO:0015578","GO:MF","mannose transmembrane transporter activity","4380","3328","GO:0015149"
"217","YLR449W","TRUE","0.0118108927863357","15","2365","15","0.00634249471458774","1","GO:0005353","GO:MF","fructose transmembrane transporter activity","4380","1801","GO:0015149"
"218","YLR449W","TRUE","0.0230963524514513","33","2365","28","0.0118393234672304","0.848484848484849","GO:0000049","GO:MF","tRNA binding","4380","19","GO:0003723"
"219","YLR449W","TRUE","0.0297185663679909","42","2365","34","0.0143763213530655","0.80952380952381","GO:0051540","GO:MF","metal cluster binding","4380","9186","GO:0005488"
"220","YLR449W","TRUE","0.0297185663679909","42","2365","34","0.0143763213530655","0.80952380952381","GO:0051536","GO:MF","iron-sulfur cluster binding","4380","9182","GO:0051540"
"221","YLR449W","TRUE","0.0313356853711342","29","2365","25","0.0105708245243129","0.862068965517241","GO:0005351","GO:MF","carbohydrate:proton symporter activity","4380","1799","c(""GO:0005402"", ""GO:0015295"")"
"222","YLR449W","TRUE","0.0313356853711342","29","2365","25","0.0105708245243129","0.862068965517241","GO:0005402","GO:MF","carbohydrate:cation symporter activity","4380","1831","c(""GO:0015144"", ""GO:0015294"")"
"223","YLR449W","TRUE","0.0313356853711342","29","2365","25","0.0105708245243129","0.862068965517241","GO:0051119","GO:MF","sugar transmembrane transporter activity","4380","9120","GO:0015144"
"224","YLR449W","TRUE","0.0472074421196605","67","2365","50","0.0211416490486258","0.746268656716418","GO:0004175","GO:MF","endopeptidase activity","4380","826","GO:0008233"
"225","YLR449W","TRUE","0.0176613439708936","36","1341","32","0.0238627889634601","0.888888888888889","KEGG:03050","KEGG","Proteasome","2101","214","KEGG:00000"
"226","YLR449W","TRUE","0.0190963090383209","40","1341","35","0.0260999254287845","0.875","KEGG:00970","KEGG","Aminoacyl-tRNA biosynthesis","2101","153","KEGG:00000"
"227","YLR449W","TRUE","0.0395327439435465","20","1341","19","0.0141685309470544","0.95","KEGG:00071","KEGG","Fatty acid degradation","2101","11","KEGG:00000"
"228","YLR449W","TRUE","6.86867653054848e-05","696","2643","339","0.128263337116913","0.487068965517241","TF:M01901","TF","Factor: Abf1p; motif: YCGTNNNNNRTGAYNN","6599","6","TF:M00000"
"229","YLR449W","TRUE","0.00603238655708489","1103","2643","500","0.189178963299281","0.453309156844968","TF:M01289","TF","Factor: Abf1p; motif: TAYCGTRTNDMRTGAT","6599","4","TF:M00000"
"230","YLR449W","TRUE","0.0163711612736517","77","2643","47","0.0177828225501324","0.61038961038961","TF:M01789","TF","Factor: IFH1; motif: ARATGTAYGGRTGTA","6599","96","TF:M00000"
"231","YLR449W","TRUE","0.041844558200516","2291","2643","982","0.371547483919788","0.428633784373636","TF:M00197","TF","Factor: Abf1p; motif: NRTCAYTNNNNACGW","6599","10","TF:M00000"
"232","YLR449W","TRUE","0.000563334708858303","31","563","30","0.0532859680284192","0.967741935483871","WP:WP425","WP","Eukaryotic Transcription Initiation","834","82","WP:000000"
"233","YLR449W","TRUE","0.0091162776546998","29","563","27","0.0479573712255773","0.931034482758621","WP:WP13","WP","DNA Replication","834","18","WP:000000"
"234","YLR449W","TRUE","0.0224116383955703","15","563","15","0.0266429840142096","1","WP:WP224","WP","Aerobic Glycerol Catabolism","834","19","WP:000000"
"235","YLR449W","TRUE","0.0499684159651128","13","563","13","0.0230905861456483","1","WP:WP132","WP","Cholesterol Biosynthesis","834","59","WP:000000"
